﻿pos_x,pos_y,rotation,side,designator,mpn,pack,value,mount_type,place
57.615,-53.4,180.0,top,C1,,C_0603_1608Metric,0.1u,smt,True
58.39,-62.036,180.0,top,C10,,C_0603_1608Metric,0.1u,smt,True
58.39,-58.48,180.0,top,C11,,C_0603_1608Metric,0.1u,smt,True
55.85,-61.02,-90.0,top,C12,,C_0603_1608Metric,4.7u,smt,True
81.985,-46.4572,-90.0,top,C13,,C_0805_2012Metric,C2012X5R1V226M125AC,smt,True
77.54,-48.9972,180.0,top,C14,,C_0402_1005Metric,0.1uf,smt,True
69.2404,-68.072,90.0,top,C15,,C_0603_1608Metric,0.1u,smt,True
67.564,-68.072,90.0,top,C16,,C_0603_1608Metric,4.7u,smt,True
59.66,-45.78,90.0,top,C17,,C_0603_1608Metric,0.1u,smt,True
66.01,-50.86,180.0,top,C18,,C_0603_1608Metric,4.7u,smt,True
69.82,-50.86,0.0,top,C19,,C_0603_1608Metric,0.1u,smt,True
54.58,-55.445,-90.0,top,C2,,C_0603_1608Metric,4.7u,smt,True
74.3204,-49.784,0.0,top,C20,,C_0805_2012Metric,C2012X5R1V226M125AC,smt,True
86.8939,-64.2275,-90.0,top,C21,,C_0805_2012Metric,C2012X5R1V226M125AC,smt,True
88.7989,-65.8785,0.0,top,C22,,C_0402_1005Metric,0.1uf,smt,True
61.0925,-65.12,0.0,top,C23,,C_0603_1608Metric,0.1u,smt,True
81.026,-72.136,0.0,top,C24,,C_0603_1608Metric,0.1u,smt,True
83.566,-71.12,-90.0,top,C25,,C_0603_1608Metric,4.7u,smt,True
69.218,-71.745,180.0,top,C26,,C_0603_1608Metric,0.1u,smt,True
83.315,-73.66,180.0,top,C27,,C_0603_1608Metric,0.1u,smt,True
78.867,-76.441,-90.0,top,C28,,C_0603_1608Metric,4.7u,smt,True
91.3389,-64.2275,90.0,top,C29,,C_0805_2012Metric,C2012X5R1V226M125AC,smt,True
76.962,-76.441,-90.0,top,C3,,C_0603_1608Metric,0.1u,smt,True
72.39,-59.69,90.0,top,C30,,C_0603_1608Metric,0.1u,smt,True
62.865,-75.565,-90.0,top,C31,,C_0603_1608Metric,4.7u,smt,True
77.47,-80.645,90.0,top,C32,,C_0603_1608Metric,4.7u,smt,True
56.515,-74.93,90.0,top,C33,,C_0603_1608Metric,4.7u,smt,True
70.485,-80.645,90.0,top,C34,,C_0603_1608Metric,4.7u,smt,True
87.0712,-86.36,90.0,top,C35,,C_0603_1608Metric,4.7u,smt,True
70.485,-59.69,90.0,top,C36,,C_0603_1608Metric,0.1u,smt,True
58.885,-79.88,90.0,top,C37,,C_1210_3225Metric,CL32A157MQVNNNE,smt,True
63.135,-79.88,90.0,top,C38,,C_1210_3225Metric,CL32A157MQVNNNE,smt,True
63.74,-93.955,-90.0,top,C39,,C_0805_2012Metric,"10u, 16v+",smt,True
75.057,-76.441,-90.0,top,C4,,C_0603_1608Metric,4.7u,smt,True
56.12,-92.05,90.0,top,C40,,C_0805_2012Metric,10u,smt,True
79.69,-88.265,0.0,top,C41,,C_0805_2012Metric,"10u, 50v",smt,True
80.01,-90.805,0.0,top,C42,,C_0603_1608Metric,"1u, 50v",smt,True
78.105,-93.485,90.0,top,C43,,C_0603_1608Metric,"1u, 50v",smt,True
78.74,-96.52,0.0,top,C44,,C_0805_2012Metric,C2012X5R1V226M125AC,smt,True
74.93,-96.52,-90.0,top,C45,,C_0805_2012Metric,"1u, 50v",smt,True
75.425,-99.695,0.0,top,C46,,C_0603_1608Metric,"1u, 50v",smt,True
72.29,-94.28,90.0,top,C47,,C_0402_1005Metric,"4.7p, 50v",smt,True
79.69,-100.33,0.0,top,C48,,C_0805_2012Metric,C2012X5R1V226M125AC,smt,True
75.07,-59.309,180.0,top,C49,,C_0603_1608Metric,0.1u,smt,True
80.775,-67.31,0.0,top,C5,C1005X5R0J104K050BA,C_0603_1608Metric,0.1u,smt,True
73.66,-86.36,0.0,top,C50,,C_0603_1608Metric,680p,smt,True
74.93,-88.9,90.0,top,C51,,C_0603_1608Metric,1u,smt,True
80.775,-65.405,0.0,top,C6,,C_0603_1608Metric,4.7u,smt,True
68.58,-49.276,0.0,top,C7,,C_0603_1608Metric,0.1u,smt,True
71.09,-53.4,90.0,top,C8,,C_0603_1608Metric,0.1u,smt,True
58.39,-60.258,180.0,top,C9,,C_0603_1608Metric,0.1u,smt,True
82.68,-75.565,0.0,top,D1,,D_SOD-123,1N4148WT-7,smt,True
89.7262,-88.35,0.0,top,D2,,LED_Cree-PLCC4_2x2mm_CW,CLMVC-FKA-CLBDGL7LBB79353,smt,True
84.5312,-86.36,90.0,top,D3,,LED_0603_1608Metric,LTST-C191KGKT,smt,True
58.39,-50.86,90.0,top,FB1,,L_0603_1608Metric,BLM18HE152SN1D,smt,True
55.3675,-58.48,0.0,top,FB2,,L_0603_1608Metric,BLM18HE152SN1D,smt,True
62.2,-45.78,90.0,top,FB3,,L_0603_1608Metric,BLM18HE152SN1D,smt,True
57.785,-102.87,0.0,top,H1,,MountingHole_3.2mm_M3,MountingHole,tht,True
57.785,-38.1,0.0,top,H2,,MountingHole_3.2mm_M3,MountingHole,tht,True
113.03,-38.1,0.0,top,H3,,MountingHole_3.2mm_M3,MountingHole,tht,True
113.03,-102.87,0.0,top,H4,,MountingHole_3.2mm_M3,MountingHole,tht,True
77.47,-42.3672,-90.0,top,IC1,,Stretched SO12,ACFL-3161-000E,smt,True
88.646,-72.39,90.0,top,IC2,,Stretched SO12,ACFL-3161-000E,smt,True
67.945,-36.8966,180.0,top,J1,,USB_Micro-B_Molex_47346-0001,47589-0001,smt,True
44.47,-69.85,0.0,top,J2,,PinSocket_2x11_P2.54mm_Vertical_SMD,Conn_02x11_Odd_Even,smt,True
87.884,-101.6,0.0,top,L1,,7447783015,7447783015,smt,True
45.72,-44.45,0.0,top,M1,,WP-BUFU_7461061,7461061,tht,True
45.74,-96.52,0.0,top,M2,,WP-BUFU_7461061,7461061,tht,True
107.95,-88.9,0.0,top,M3,,WP-BUFU_7461061,7461061,tht,True
107.95,-52.07,0.0,top,M4,,WP-BUFU_7461061,7461061,tht,True
93.0783,-54.356,90.0,top,Q1,,LFPAK88_SOT1235_NEX-M,PSMNR55-40SSHJ,smt,True
93.0783,-41.91,90.0,top,Q2,,LFPAK88_SOT1235_NEX-M,PSMNR55-40SSHJ,smt,True
111.871,-69.7357,180.0,top,Q3,,LFPAK88_SOT1235_NEX-M,PSMNR55-40SSHJ,smt,True
101.6,-69.7357,180.0,top,Q4,,LFPAK88_SOT1235_NEX-M,PSMNR55-40SSHJ,smt,True
66.805,-73.155,90.0,top,R1,,R_0603_1608Metric,10K,smt,True
94.742,-76.454,0.0,top,R10,,R_1206_3216Metric,1,smt,True
87.5289,-80.2925,90.0,top,R11,,R_0603_1608Metric,120R,smt,True
53.5025,-65.915,90.0,top,R12,,R_0603_1608Metric,2.2K,smt,True
90.0689,-80.2925,90.0,top,R13,,R_0603_1608Metric,120R,smt,True
81.28,-70.612,180.0,top,R14,,R_0603_1608Metric,100,smt,True
94.234,-69.596,0.0,top,R15,,R_1206_3216Metric,1,smt,True
85.8012,-88.9,0.0,top,R16,,R_0603_1608Metric,2.2K,smt,True
69.215,-64.135,90.0,top,R17,,R_0603_1608Metric,DNI,smt,True
61.2,-93.955,-90.0,top,R18,,R_0603_1608Metric,121r,smt,True
58.66,-93.955,-90.0,top,R19,,R_0603_1608Metric,365r,smt,True
86.7664,-48.2854,0.0,top,R2,,R_1206_3216Metric,1,smt,True
76.835,-88.9,-90.0,top,R20,,R_0603_1608Metric,1Meg,smt,True
74.93,-55.499,180.0,top,R21,,R_0603_1608Metric,10K,smt,True
86.741,-56.5272,90.0,top,R22,,R_0603_1608Metric,10K,smt,True
70.295,-91.44,180.0,top,R23,,R_0603_1608Metric,330k,smt,True
71.755,-96.52,180.0,top,R24,,R_0603_1608Metric,1Meg,smt,True
74.93,-57.404,180.0,top,R25,,R_0603_1608Metric,10K,smt,True
85.725,-60.579,0.0,top,R26,,R_0603_1608Metric,10K,smt,True
70.28,-94.24,180.0,top,R27,,R_0603_1608Metric,45k,smt,True
73.025,-88.9,90.0,top,R28,,R_0603_1608Metric,20k,smt,True
67.31,-93.345,-90.0,top,R29,,R_0603_1608Metric,47.5k,smt,True
72.3514,-42.0624,0.0,top,R3,,R_0603_1608Metric,120R,smt,True
70.485,-100.775,-90.0,top,R30,,R_0603_1608Metric,DNI,smt,True
62.865,-98.425,0.0,top,R31,,R_0603_1608Metric,0,smt,True
68.035,-99.06,0.0,top,R32,,SolderJumper-2_P1.3mm_Open_TrianglePad1.0x1.5mm,OPEN,tht,True
68.035,-102.61,0.0,top,R33,,SolderJumper-2_P1.3mm_Open_TrianglePad1.0x1.5mm,OPEN,tht,True
62.23,-100.965,90.0,top,R34,,R_0603_1608Metric,DNI,smt,True
64.135,-100.965,90.0,top,R35,,R_0603_1608Metric,DNI,smt,True
62.865,-103.639,0.0,top,R36,,R_0603_1608Metric,0,smt,True
72.3514,-45.2374,0.0,top,R4,,R_0603_1608Metric,120R,smt,True
86.106,-36.068,0.0,top,R5,,R_1206_3216Metric,1,smt,True
57.945,-55.94,180.0,top,R6,,R_0603_1608Metric,12K,smt,True
53.31,-61.465,90.0,top,R7,,R_0603_1608Metric,10K,smt,True
61.0925,-67.66,0.0,top,R8,,R_0603_1608Metric,10K,smt,True
56.8375,-70.2,0.0,top,R9,,R_0603_1608Metric,10K,smt,True
74.995,-69.915,0.0,top,U1,,QFN-48-1EP_7x7mm_P0.5mm_EP5.6x5.6mm,ICE40UP5K-SG48ITR,smt,True
81.28,-56.134,180.0,top,U10,,SOIC-8_5.23x5.23mm_P1.27mm,W25Q32JVSS,smt,True
64.71,-57.21,0.0,top,U2,,QFN-48-1EP_8x8mm_P0.5mm_EP6.2x6.2mm,FT232H,smt,True
57.15,-66.07,0.0,top,U3,,SOT-23-6,93LC56BT-I/OT,smt,True
76.2,-63.5,0.0,top,U4,,VSSOP-8_2.3x2mm_P0.5mm,SN74AUP2G125DCUR,smt,True
71.565,-62.865,0.0,top,U5,,Oscillator_SMD_Abracon_ASDMB-4Pin_2.5x2.0mm,SG-210STF 12.0000ML3,smt,True
59.69,-75.565,0.0,top,U6,,SOT-23-5,AP2127K-3.3,smt,True
73.66,-81.28,0.0,top,U7,,SOT-23-5,AP2127K-1.2,smt,True
60.96,-87.63,90.0,top,U8,,SOT-223-3_TabPin2,LT1117IST-3.3#PBF,smt,True
74.93,-92.71,0.0,top,U9,,LQFN16_05-08-1798_ADI,LT8337JV-1-PBF,smt,True
