﻿designator,quantity,value,pack,mpn,mount_type
"C1, C10, C11, C15, C17, C19, C23, C24, C26, C27, C3, C30, C36, C49, C7, C8, C9",17,0.1u,C_0603_1608Metric,,smt
"C12, C16, C18, C2, C25, C28, C31, C32, C33, C34, C35, C4, C6",13,4.7u,C_0603_1608Metric,,smt
"C13, C20, C21, C29, C44, C48",6,C2012X5R1V226M125AC,C_0805_2012Metric,,smt
"C14, C22",2,0.1uf,C_0402_1005Metric,,smt
"C37, C38",2,CL32A157MQVNNNE,C_1210_3225Metric,,smt
C39,1,"10u, 16v+",C_0805_2012Metric,,smt
C40,1,10u,C_0805_2012Metric,,smt
C41,1,"10u, 50v",C_0805_2012Metric,,smt
"C42, C43, C46",3,"1u, 50v",C_0603_1608Metric,,smt
C45,1,"1u, 50v",C_0805_2012Metric,,smt
C47,1,"4.7p, 50v",C_0402_1005Metric,,smt
C5,1,0.1u,C_0603_1608Metric,C1005X5R0J104K050BA,smt
C50,1,680p,C_0603_1608Metric,,smt
C51,1,1u,C_0603_1608Metric,,smt
D1,1,1N4148WT-7,D_SOD-123,,smt
D2,1,CLMVC-FKA-CLBDGL7LBB79353,LED_Cree-PLCC4_2x2mm_CW,,smt
D3,1,LTST-C191KGKT,LED_0603_1608Metric,,smt
"FB1, FB2, FB3",3,BLM18HE152SN1D,L_0603_1608Metric,,smt
"H1, H2, H3, H4",4,MountingHole,MountingHole_3.2mm_M3,,tht
"IC1, IC2",2,ACFL-3161-000E,Stretched SO12,,smt
J1,1,47589-0001,USB_Micro-B_Molex_47346-0001,,smt
J2,1,Conn_02x11_Odd_Even,PinSocket_2x11_P2.54mm_Vertical_SMD,,smt
L1,1,7447783015,7447783015,,smt
"M1, M2, M3, M4",4,7461061,WP-BUFU_7461061,,tht
"Q1, Q2, Q3, Q4",4,PSMNR55-40SSHJ,LFPAK88_SOT1235_NEX-M,,smt
"R1, R21, R22, R25, R26, R7, R8, R9",8,10K,R_0603_1608Metric,,smt
"R10, R15, R2, R5",4,1,R_1206_3216Metric,,smt
"R11, R13, R3, R4",4,120R,R_0603_1608Metric,,smt
"R12, R16",2,2.2K,R_0603_1608Metric,,smt
R14,1,100,R_0603_1608Metric,,smt
"R17, R30, R34, R35",4,DNI,R_0603_1608Metric,,smt
R18,1,121r,R_0603_1608Metric,,smt
R19,1,365r,R_0603_1608Metric,,smt
"R20, R24",2,1Meg,R_0603_1608Metric,,smt
R23,1,330k,R_0603_1608Metric,,smt
R27,1,45k,R_0603_1608Metric,,smt
R28,1,20k,R_0603_1608Metric,,smt
R29,1,47.5k,R_0603_1608Metric,,smt
"R31, R36",2,0,R_0603_1608Metric,,smt
"R32, R33",2,OPEN,SolderJumper-2_P1.3mm_Open_TrianglePad1.0x1.5mm,,tht
R6,1,12K,R_0603_1608Metric,,smt
U1,1,ICE40UP5K-SG48ITR,QFN-48-1EP_7x7mm_P0.5mm_EP5.6x5.6mm,,smt
U10,1,W25Q32JVSS,SOIC-8_5.23x5.23mm_P1.27mm,,smt
U2,1,FT232H,QFN-48-1EP_8x8mm_P0.5mm_EP6.2x6.2mm,,smt
U3,1,93LC56BT-I/OT,SOT-23-6,,smt
U4,1,SN74AUP2G125DCUR,VSSOP-8_2.3x2mm_P0.5mm,,smt
U5,1,SG-210STF 12.0000ML3,Oscillator_SMD_Abracon_ASDMB-4Pin_2.5x2.0mm,,smt
U6,1,AP2127K-3.3,SOT-23-5,,smt
U7,1,AP2127K-1.2,SOT-23-5,,smt
U8,1,LT1117IST-3.3#PBF,SOT-223-3_TabPin2,,smt
U9,1,LT8337JV-1-PBF,LQFN16_05-08-1798_ADI,,smt
